category,reference,finetuned,baseline
accessories,Maxima Men Black Watch,Fastrack Men Black Dial Watch,Rolex Men Black Leather Strap Automatic Watch
electronics,Wilife PC Based 2 Camera Master Video Security System,Logitech 960-000102 900-100200 980-300400 Logitech 2.0 Speaker System (Discontinued by Manufacturer),Logitech Home Security Silver HD Video Doorbell with Night Vision
clothing,Indigo Nation Men Charcoal Trousers,United Colors of Benetton Men Solid Grey Trousers,Calvin Klein Men Charcoal Formal Dress Pants
accessories,Maxima Men Digital Watch,Fastrack Men Black Digital Watch,Swatch Unisex Black Silicone Digital Watch
clothing,United Colors of Benetton Women Blue T-shirt,United Colors of Benetton Women Solid Blue Tshirts,Adidas Women Royal Blue V-Neck T-Shirt
electronics,Sirius Universal Black Magnetic Car Antenna SSP1455,GPS Antenna for Garmin Nuvi 200 255 265T 275T,Logitech General Black USB-C to 3.5mm Audio Cable
electronics,"Dahua IPC-HDW1300S 3MP IR Eyeball Dome Outdoor IP Camera, 3.6mm fixed lens",Hikvision DS-2CE56D8T-IT3F 2.8mm 1080P HD-TVI Dome Camera with 30m Night Vision,"Hikvision DS-2CE56D0T-IRF 2MP Dome Camera, White, 1080P, 20m Night Vision"
electronics,Tiffen 46mm Digital Neutral Density Filter Kit,"Tiffen 77mm 3-Filter Kit (ND4, ND8, ND1000)",Tiffen 77mm Digital Photo Video Filter Kit with Pouch
accessories,Being Human Women White Silicon Strap Watch,Fastrack Unisex White Dial Watch,Swatch Unisex White Silicone Sports Watch
electronics,L-com DG9 Right Angle D-Sub Adapter (DE-9 exit 1),DB9 Female to DB9 Female RS232 Serial Adapter,LogiLink DB9 Female to Female RS232 Adapter
clothing,Highlander Men Solid Olive Trouser,United Colors of Benetton Men Khaki Trousers,Levi's Men Khaki Regular Fit Jeans
clothing,Garfield Women Grey Melange Striped Hipster Briefs GFA12-005,Enamor Women Grey Briefs,Calvin Klein Women's Grey Microfiber Briefs
clothing,Tonga Women Brown Dress,United Colors of Benetton Women Solid Brown Tunic,Adidas Women Black V-Neck T-Shirt
electronics,Soundstream VIR7022NR 7-Inch Audio Video Source Unit with Navigation Input (Black),Rockford Fosgate PM500D 5.0-Inch Double-DIN In-Dash DVD/CD/AM/FM Receiver,"Pioneer AVIC-Z5200NEX 6.2"" Touchscreen DVD/CD/MP3/USB/SD Receiver with GPS Navigation"
electronics,AudioSource PSW100 100 Watt 10-inch Powered Subwoofer (Discontinued by Manufacturer),Polk Audio Atrium 3 Subwoofer (Black) (Discontinued by Manufacturer),"Polk Audio Home Theater Black 10"" Subwoofer"
clothing,Nike Women Sphere Red T-shirt,ADIDAS Women Red T-shirt,Adidas Women Red Performance T-Shirt
accessories,Q&Q Kids Unisex Blue Dial Watch,Fossil Kids Boys Blue Dial Watch,Swatch Kids Blue/Pink Silicone Strap Children's Watch
accessories,Giordano Men Black Dial Analog Multifunction Watch,Fastrack Men Black Dial Watch,Swatch Men Rose Gold/Black Leather Strap Casual Watch
electronics,"Collector's Armoury, Ltd Old West Brass Brothel Inspector's Badge",Chief Brothel Inspector 69 Gold Star Lapel Pin,Chief Brothel Inspector 69 Brass Star Badge Pin
clothing,Do u speak green Men Olive 3/4th Pant,Wrangler Women Olive Capris,Old Navy Women Olive Green Cropped Cargo Pants
electronics,Samsung UN75F7100 75-Inch 1080p 240Hz 3D Smart LED TV (2013 Model),Samsung UN40EH5000FXZA 40-Inch 1080p 60Hz LED HDTV,"Samsung QLED 4K Smart TV 55 inch, Black, 2023 Model"
accessories,Bulchee Men Black & Brown Wallet,Lino Perros Men Brown Wallet,Leather Bifold Wallet - Men's - Brown/Black - Genuine Leather - Wallet
clothing,Enamor Women White Printed Briefs,Enamor Women White Briefs,Lucky Brand Women's White Floral Lace Thong Underwear
accessories,Citizen Women White Dial Watch,Fastrack Women White Dial Watch,Rolex Women Gold Ceramic Wristwatch
clothing,Latin Quarters Women Navy Blue & White Printed Dress,United Colors of Benetton Women Printed Blue Dress,Adrienne Vittadini Women Blue Floral Print Sleeveless Dress
accessories,Lino Perros Women Solid Olive Belt,Fossil Men Brown Leather Belt,Levi's Men Brown Leather Belt
electronics,Python 3302P Responder Security System,Python 902 2-Channel Remote Start System,"Python 902 Car Security System with Remote Start, Black"
clothing,ADIDAS Men White T-shirt,ADIDAS Men White T-shirt,Adidas Men White/Grey Athletic T-Shirt
clothing,Amante Black Robe,French Connection Women Black Dress,Black Wrap Dress - Women's - Cotton - Casual
clothing,Wills Lifestyle Women Off White Dress,Red Rose Women Cream Nightdress,Adidas Women Ivory T-Shirt Dress
accessories,Lino Perros Women Stripes Green Belt,Fastrack Unisex White Watch,Bracelet Unisex White Silicone Wristband
accessories,Q&Q Men Black Watch,Fastrack Women Black Dial Watch,Swatch Women Black/Red Silicone Strap Casual Watch
electronics,ONN Universal Remote Control 4 Devices for DVD RECEIVER TV Cable Box 39900,"Replacement Remote Control for Onn TV 32"" 37"" 40"" 50""",ONN Universal Black Multi-Function TV Remote Control
electronics,Monoprice RJ-11 and RJ-45 Modular Plug Tester (108138),Monoprice 2 Port RJ45 Network Cable Tester,"Monoprice RJ-45 Network Cable Tester, Master and Remote Set"
accessories,Baggit Women Hail Taj Black Handbag,Lino Perros Women Black Handbag,Levi's Women Black Denim Tote Bag
electronics,Epson - ELPSP10 - Pixieplus Control System for Epson Projectors,Control4 C4-RC-100 Wall Mount Remote Control,"Lutron Caseta Wireless Smart Lighting Dimmer Switch - White - Works with Alexa, Google Assistant, and Apple HomeKit"
accessories,French Connection Women Brown Clutch,Lino Perros Women Brown Handbag,Chloe Women Natural Leather Crossbody Bag
electronics,"Bargains Depot 5ft USB Data Transfer Cable Cord for GE General Electric Power Pro X400, X500-WH, Z2300 Camera",USB Charging Cable for Sony Ericsson Xperia Arc S LT18i,USB Universal Black Data Transfer Cable
electronics,ACP-EP Memory 1GB 400MHZ DDR2 PC2-3200 1.8V CL3 240PIN Unbuffered DIMM,Kingston 2GB DDR2 800MHz PC2-6400 Non-ECC Unbuffered CL6 240-Pin DIMM Desktop Memory Module (KVR266D2/2G),Kingston KVR13N9S8/2 2GB DDR3 1333MHz Desktop RAM
electronics,Verizon MOTMZ600FCAS1 Leather Display Folio for Motorola Xoom MZ600 - Black,AmazonBasics Folio Case for Sony Xperia Tablet Z - Black,"Sony Xperia Tablet Z Leather Case, Black, 360 Degree Rotating Stand Cover"
clothing,Chromozome Men Grey & Red Briefs,Chromozome Men Maroon Briefs,Calvin Klein Men's Burgundy Briefs
electronics,"Sony KV-35S65 35"" Trinitron TV",Sony KDL-32EX500 32-Inch 1080p 60Hz LCD HDTV,"Sony BRAVIA KDL-32R400A 32"" LCD TV with Built-in DVD Player - Black"
electronics,Apple iPod shuffle 1 GB Bright Blue (2nd Generation) (Discontinued by Manufacturer),Apple iPod shuffle 2GB - Blue (3rd Generation) (Discontinued by Manufacturer),"Apple iPod shuffle 4th Generation - Blue, 2GB, Classic MP3 Player"
electronics,Last Days of Summer Updated Ed: A Novel,Last Days of Summer,Steve Kluger Adult Blue Novel
electronics,Remmington Security 00762 Color Camera with Built-in Microphone (Discontinued by Manufacturer),"Hikvision DS-2CE16D0T-IRF 1/3"" CMOS 600TVL 2.8mm Fixed Lens 0.01Lux @ 30 I.R.","Hikvision DS-2CD2042FWD-IW Bullet IP Camera, 4MP, 2.8mm Lens, White"
electronics,Strategic Printing New York Jets Passtime Design Wireless Keyboard,New York Jets Wireless USB Keyboard,New York Jets Unisex Green/Black USB Wireless Keyboard
clothing,Aurelia Women Brown Printed Kurta,Fabindia Women Pink Kurta,Chikankari Embroidered Peach Cotton Kurti for Women
clothing,Amante Pink Full-Coverage Lace Bra BCFR11,Enamor Women Pink Bra,Adore Women Pink Underwire Bra
electronics,ACEE Deal 16GB Mp3 Video Player with the Cross Button (Blue),Mini Clip MP3 Player with LCD Screen Support up to 64GB (Blue),"Blue Mini Clip MP3 Player with 1.8"" Screen, Support up to 64GB, FM Radio, Voice Recorder"
electronics,"Titan Dvd-r 16x Semi-gloss (Glossy) Water Resistant, White Inkjet Printable Blank Media Discs 4.7gb (T6895098) in 50 Cake Box",Titan DVD-R 4.7GB 16X Water-Resistant/Glossy White Inkjet Hub Printable 50 Pack (T6895008),Titan DVD-R 4.7GB 16X Water-Resistant Glossy White Inkjet Hub Printable 50-Pack
accessories,Police Men Black Dual Dial Watch PL13076JPB-02A,Fastrack Men Black Chronograph Watch,Rolex Men Black Leather Chronograph Watch
electronics,Juniper EX2200-24T-4G Layer 3 Switch (EX2200-24T-4G),Juniper Networks EX2300-24P 24-Port Gigabit Ethernet Switch,Juniper Networks EX2200-24P 24-Port Gigabit Managed Switch
electronics,"USB 2.0 Cable, Type A Male to Mini B USB Cable (1.5 Feet) White Color","USB 2.0 A Male to Mini B Male Cable, 6 Feet (White)","LogiLink USB 2.0 A to Mini B Cable, White, 1.8m"
electronics,HAKUBA Digital Table POD Blue,"FotodioX Mini Tripod with 1/4""-20 Screw (Blue)",Bhphotovideo Mini Tripod with Ball Head - Blue
clothing,Red Rose Green & Black Nightdress,Red Rose Women Green Dress,Elie Tahari Women Green Floral Print V-Neck Halter Dress
electronics,Compatible 90W 20V 4.5A AC Laptop Adapter for IBM/Lenovo,19.5V 3.34A 65W Laptop AC Adapter Charger for HP Pavilion 15 17 18 19 20 25 27 28 29 30 31 32 33 34 35 36 37 38 39 40 41 42 43 44 45 46 47 48 49 50 51 52 53 54 55,CBD 19.5V 3.34A 65W AC Adapter for HP Pavilion 15 17 18 250 270 450 G4 G5 G6 G7
electronics,Sony SRS-RF930RK Wireless Speaker System,SONY SRS-ZR100 Wireless Speaker System (Discontinued by Manufacturer),Sony SRS-XB21 Portable Wireless Bluetooth Speaker System - White
accessories,Guess Women Sparkle Box Set Watch With Interchangeable Straps,Lino Perros Women Pink & Black Wallet,Chanel Women Pink/Black Leather Handbag
electronics,LOT OF 5 Astatic 636L Noise Cancelling CB Radio 4 pin Microphone,Astatic 410-1000 10-Watt 2-Way Radio Handheld Speaker Microphone (5 Pack),ASTATIC Unisex Black Handheld Microphone for Walkie Talkies - 5 Pack
clothing,Hear 2 Heart Women White Briefs H2H-3-2011,Chromozome Women White Briefs,Calvin Klein Women White Thong Underwear
accessories,United Colors of Benetton Men Solid Black Belts,Baggit Women Brown Belt,Levi's Men Brown Leather Belt
electronics,Seagate Momentus 320 GB SATA 7200 RPM 2.5-Inch Internal Hard Drive ST903203N3A1AS-RK,"Seagate Momentus 2.5"" 320GB 7200RPM 16MB Cache SATA 6.0Gb/s Internal Hard Drive (ST325LM000)","Seagate Momentus 320GB 2.5"" SATA Internal Hard Drive"
accessories,Q&Q Men Black Dial Watch,Fastrack Men Black Dial Watch,Swatch Unisex Black/Red Silicone Strap Casual Watch
electronics,Q-See 960H 8 Ch 8 Cam 700TVL 1TB HDD Security Kit,8-Channel 700TVL Security Camera System with 1TB Hard Drive,Hikvision DS-7108HGHI-F1 8-Channel 700TVL Security Camera System with 1TB HDD
accessories,Puma Women Dizzy  Black Belt,Baggit Women Black Belt,Levi's Men Black Denim Belt
accessories,Lino Perros Women Green Wallet,Lino Perros Women Green Wallet,LeSportsac Women Lime Green Felt Wallet
accessories,Peter England Men Brown Belt,Peter England Men Brown Belt,Levi's Men Brown Leather Belt
clothing,United Colors of Benetton Men White Shirt,United Colors of Benetton Men Solid White Shirts,Levi's Men White Casual Button-Up Shirt
electronics,"Q Power QPTS8B Loaded Marine-Tower Speakers, Black","Qpower QP-1000 10"" Subwoofer Enclosure (Pair)","12"" Power Acoustik Subwoofer Enclosure, Black, 1000W Max, 4-Ohm, Weatherproof"
electronics,Pro-Ject Wallmount It 5 - Wall Mount Equipment Rack (Black),Dell OptiPlex 3050 Small Form Factor (SFF) Intel Core i5-6500 3.2GHz 8GB RAM 1TB HDD Windows 10 Pro Desktop Computer (Renewed),Logitech Professional Black USB-C Docking Station
electronics,Fuji Film H1GBXD 1GB xD Picture Card,FUJIFILM 1GB xD Picture Card,Fujifilm xD-Picture Card H 1GB Memory Card
accessories,Murcia Women Office Red Handbag,Lino Perros Women Red Handbag,Chanel Women Red Leather Shoulder Bag
electronics,Sound Storm Laboratories 10 Inch Single 4 Ohm Voice Coil 400 Watts Subwoofer (Fs10),Kicker 40F604 6.5-Inch 4-Ohm Subwoofer,"SSL F6 & C6 6.5"" Dual Voice Coil Car Subwoofers"
clothing,French Connection Red & Brown Dress,Femella Women Purple Dress,Adrianna Women Purple Floral Print Casual Dress
clothing,Vishudh Women Red & White Salwar and Dupatta,SDL by Sweet Dreams Women Pink Night Suit,Adidas Women Pink Sweatpants
clothing,ADIDAS Originals Men Adi Trefoil Orange Tshirt,ADIDAS Men Orange T-shirt,Adidas Men's Orange Trefoil Tee
accessories,Baggit Women Bonkers Baby Pink Wallet,Lino Perros Women Pink Wallet,Chanel Women Fuchsia Leather Clutch Bag
clothing,Chromozome Men Black Brief,Chromozome Men Black Briefs,Calvin Klein Men Black Briefs
clothing,Jockey MODERN CLASSIC Men Black Boxer 8009,Chromozome Men Black Trunks,Adidas Men Black Boxer Briefs
clothing,Enamor Lavender Smooth Bra,Enamor Women Lilac Bra,Lucky Brand Women's Light Purple Seamless Bralette
electronics,Belkin Hands-Free Headset (F8V920AV3) (F8V920-AV3),Belkin F5H042-GRY ActiFlex OverHead Hand-Free Headset (Gray),Belkin ActiFlex OverHead Hands-Free Headset with Mic - Black
accessories,Peter England Men Formal Black Belt,Fossil Men Black Leather Belt,Fendi Men's Black Leather Bracelet with Silver Buckle
clothing,Avirate Black Babydoll Nightdress,Enamor Women Black Nightdress,La Perla Women Black Mesh Lingerie Dress
electronics,Intel Pentium 4 3.06GHz 533MHz 1MB Socket 775 CPU,Intel Pentium 4 524 3.06GHz 1MB L2 Cache 800MHz FSB Socket 775 CPU Processor SLBZZ,Intel Pentium Dual-Core E5200 3.06GHz 1MB L2 Cache Socket LGA775 Processor
electronics,DHT Electronics RF coaxial coax cable F female to MCX male right angle 50CM,RCA to SMA Male Coaxial Cable Adapter,"RJ45 to SMA Connector Adapter, 10Gbps, Gold Plated, 50cm Cable, RJ45 Female to SMA Male, for Ethernet to Antenna Conversion"
accessories,Rocia Women Brown Clutch,Lino Perros Women Brown Clutch,Chloe Women Brown Suede Shoulder Bag
accessories,Baggit Women Blue Handbag,Lino Perros Women Blue Handbag,Chloe Women Blue Leather Handbag
accessories,New Hide Men Reversibele Belt,Peter England Men Black Belt,Levi's Men Black Leather Belt
accessories,Casio YOUTH Men Digital Watch I068 W-753-3AVDF,Fastrack Men Grey Dial Watch,Swatch Men Black/Orange Silicone Strap Digital Watch
accessories,Baggit Women Lamboo Viva Grey Wallet,Lino Perros Women Grey Wallet,Coach Women Black Leather Wallet
accessories,Wildcraft Unisex Blue & Black Duffel Bag,Puma Unisex Blue Duffle Bag,PUMA Men's Royal Blue Duffel Bag
electronics,Soundgate FDAUX4 Auxiliary Input for Ford Vehicles 2005-Newer Models,Soundgear 2010-2020 Ford F-150 6.2L V8 Factory Radio Wiring Harness,SoundGuest Car Audio Interface Adapter with 16-Pin ISO Connector
accessories,Wills Lifestyle Women Leather Blue Belt,Peter England Men Blue Belt,Levi's Men Blue Leather Belt
clothing,Pepe Jeans Men Dark Blue Jeans,Wrangler Men Blue Jeans,Levi's Men Blue Denim Straight Leg Jeans
accessories,Nike Unisex Ultimatum Max Grey Backpack,ADIDAS Unisex White Backpack,Adidas Unisex White Polyester Backpack
clothing,Nike Men Hustle Reversible Red Shorts,ADIDAS Men Red Shorts,Adidas Men's Soccer Shorts - Red
accessories,Puma Women Flux Shadow  266 Black Watches,Puma Women Grey Watch,Puma Women's Grey Digital Watch with Pink Accents
clothing,Belmonte Men Solid Trouser Grey Trousers,United Colors of Benetton Men Grey Trousers,Calvin Klein Men Dark Grey Formal Dress Pants
clothing,ADIDAS Women Black Silver Tights Capri,French Connection Women Black Capri,Adidas Women Black/White Capri Leggings
clothing,SDL by Sweet Dreams Men Maroon Pyjama Set,SDL by Sweet Dreams Men Grey Shorts,Adidas Men's Soccer Jersey - Maroon/White - Short-Sleeve Football Top
electronics,Directed 507M Digital Tilt Sensor,"Fujifilm NP-45A Battery Pack for Finepix F30, F31, F50, & F55 Digital Cameras (Discontinued by Manufacturer)",Panasonic General Black Battery Pack with USB Cable
electronics,"Sony Battery Pack Li-Ion NP-BN, NP-BN","Sony NP-FW50 Rechargeable Battery Pack for Sony Alpha NEX-5N, NEX-F3, A5000, A600",Sony NP-BN1 Rechargeable Battery for Select Sony Cameras
electronics,Audiovox XMEXT50 50 Foot Indoor/Outdoor Antenna Cable Extension,"Drip Irrigation Tubing, 1/4"" x 100', Black",Flexon 100' Black Drip Irrigation Tubing with Connectors
accessories,New Hide Men Leather Black Belt,Fossil Men Black Leather Belt,Jack & Jones Men Black Leather Belt
clothing,Jockey ZONE Men Zone White Brief US14,Jockey Men White Brief,JackeY Men White Briefs
electronics,ViewSonic PJ656 XGA Projector 6.2 Lbs,"ViewSonic PJ650 3D Ready DLP Projector - 720p - HDTV - 16:9 - Front, Rear, Ceiling Mountable",ViewSonic PJ650 Full HD 1080p Home Theater Projector
clothing,ADIDAS Women Grey Capris,ADIDAS Women Black Capri,Patagonia Women's Capilene Midweight Capri Pants - Black
clothing,ADIDAS Men Black Track Pant,United Colors of Benetton Men Solid Black Trousers,Levi's Men Black Denim Straight Leg Jeans
clothing,Red Rose Women Green Nightdress,SDL by Sweet Dreams Women White Nightdress,Adrienne Vittadini Women Green/White Striped Sleeveless Dress
electronics,USB Type C Adapter Multiport AV Converter with 4K HDMI Output,USB Type-C to HDMI Adapter with 3.5mm Headphone Jack and USB 2.0 Port (Silver),"LogiLink USB-C Multiport Adapter with HDMI, USB-A, and 3.5mm Jack - Silver"
electronics,"Movado Connect Digital Smart Module Stainless Steel Smartwatch, Silver/Black Strap (Model 3660016) (Renewed)",Replacement Band for Samsung Gear Fit 2 SM-R360 (Black),Amazfit Men Black Smartwatch with Heart Rate Monitor
electronics,"Nikon CF-CP002 Silicone Jacket for COOLPIX AW130 Camera, Yellow",Nikon WP-DC25 Protective Case for Coolpix 3500 Digital Camera (Yellow) (Discontinued by Manufacturer),Nikon COOLPIX L340 Yellow Waterproof Digital Camera
accessories,Lino Perros Women Orange Wallet,Lino Perros Women Orange Handbag,Nike Women's Air Max 270 React Running Shoes - Black/White/Metallic Silver
clothing,Arrow Woman Navy Blue Trousers,United Colors of Benetton Women Solid Black Trousers,Adidas Women Black Running Pants
accessories,Quechua Unisex Blue Black Backpack,Lino Perros Women Blue Backpack,Patagonia Unisex Blue Cotton/Polyester Backpack
clothing,Inaya Women Black Lounge Top,United Colors of Benetton Women Purple Jumpsuit,Adidas Women Purple Running Pants
electronics,Pioneer DV-2010 All Multi Region Code Zone Free Dual Voltage DVD Player,Pioneer DVP-7900UB 1080p Blu-ray Disc Player,Pioneer Men Black DVD Player with Remote Control
accessories,Bulchee Men Black Wallet,United Colors of Benetton Men Solid Black Wallets,Levi's Men Black Leather Bifold Wallet
clothing,Proline Purple & Green Striped Polo T-shirt,United Colors of Benetton Men Striped Purple Polo T-shirt,Levi's Men Purple Striped Polo Shirt
clothing,Peter England Men Essentials Grey  Melange Brief,Chromozome Men Grey Briefs,Hanes Men's Cotton Briefs - Light Grey - Underwear
clothing,Palm Tree Kids Boys Check White Shorts,ADIDAS Men White Shorts,Under Armour Men's HeatGear Loose Fit Short - White/Black
electronics,UCO Lampshade Top Reflector for the Mini Candle Lantern,Candle Lantern - Yellow,Lumistick Solar Lantern - Yellow - LED Camping Lantern with Solar Panel
clothing,Locomotive Men Washed Blue Jeans,Jealous 21 Men Blue Jeans,Levi's Men Blue Denim Straight Leg Jeans
clothing,French Connection Women Blue Dress,Femella Women Blue Dress,Elan Women Navy Blue Casual Shift Dress
accessories,Nyk Women Pink Sling Bag,Lino Perros Women Pink Handbag,Chloé Women Pink Velvet Crossbody Bag
clothing,Kraus Jeans Women Brown Shorts,Wrangler Women Olive Shorts,Urban Outfitters Women's Olive Green Denim Shorts
accessories,Casio Enticer Men White Dial Analogue Watch MTP-1216A-7BDF(A357),Fastrack Women White Dial Watch,Swatch Women White Silicone Casual Watch
electronics,MOD 457 Camera Strap (Brown/Teal),Kodak Digital Camera Neck Strap (Blue Paisley) (Discontinued by Manufacturer),Kodak EasyShare Digital Camera Neck Strap - Blue Paisley
accessories,Hidekraft Women Black Wallet,Fastrack Unisex Black Wallet,Lenovo Men Black Leather Wallet
clothing,Amante Magenta Swimsuit WFSD05,Red Rose Women Pink One Piece Swimsuit,Lucky Honey Plus Size V-Neck One-Piece Swimsuit in Raspberry
accessories,Baggit Women Pink Border Sapera Wallet,Lino Perros Women Maroon Wallet,Chloe Women Burgundy Leather Wallet
clothing,Flying Machine Women Viscose Black Capris,United Colors of Benetton Women Solid Black Trousers,Adidas Women Black Running Pants
clothing,Bwitch Black Nightdress,Femella Women Black Dress,Adrienne Vittadini Women Black Trench Coat
clothing,French Connection Women Black Dress,French Connection Women Black Dress,Elie Tahari Women Black Crepe Formal Cocktail Dress
electronics,Lindy Mouse Holder Beige (40171),KONI 1000-001-010-101 110V 1500W Wall Mount Ironing Station,Xiaomi Mijia Wireless Charging Stand for Smartphones - White
clothing,Nike Women Black Legend Slim Capris,ADIDAS Women Black Capris,Adidas Women Black Capri Leggings
clothing,FCUK Underwear Green Printed Boxers,Chromozome Men Green Trunks,Tommy Hilfiger Men's Green Starfish Print Swim Trunks
electronics,"4GB Upgrade for a Lenovo ThinkPad T400 Series System (DDR3 PC3-8500, NON-ECC, )",Crucial 2GB DDR2 SODIMM 667MHz (PC2-5300) Laptop Memory (CT25664AC640),Crucial 8GB DDR4 2400MHz SODIMM Laptop Memory - CT8G4SFS824A
clothing,Vero Moda Women Magenta Dress,Femella Women Purple Dress,Chicloth Women Fuchsia/Black Strapless Cocktail Dress
clothing,Disney Kids Boy's Blue Donald Kidswear,Fastrack Men Blue T-shirt,Simpsons Homer T-Shirt - Men's - Blue - Graphic Tee
clothing,Mark Taylor Men White & Blue Striped Shirt,United Colors of Benetton Men Striped Blue Shirts,Calvin Klein Men Blue Formal Dress Shirt
clothing,Puma Men Navy Blue Badge Polo T-shirt,ADIDAS Men Navy Blue Polo T-shirt,Adidas Men Navy Blue Polo Shirt
accessories,Puma Men Race Black Watch,Fastrack Men Black Dial Watch,Swatch Men's Gold/Black Leather Strap Sports Watch
electronics,Steren 255-036 STEREN Y ADAPTER 2 RCA TO 3.5 MINI ST JCK,"3.5mm 1/8"" Stereo Male to 2 x RCA Male Audio Cable, 6"" (150mm)",Audioquest Unisex Black RCA to 3.5mm Adapter Cable
electronics,Dog Collar Replacement Battery for SportDOG - FieldTrainer SD-400S Receiver,Sanik 3.6V 500mAh Ni-MH Rechargeable Battery for iRobot Roomba 600 Series,Sanik 3.6V 500mAh Ni-MH Rechargeable Battery for Cordless Phones
clothing,Lovable Women All Day Long Pink Bra,Enamor Women Pink Bra,Lucky Brand Women's Light Pink Cotton Bralette
clothing,Tonga Women Printed Black Dress,Red Rose Women Black Dress,Adrienne Vittadini Women Red/Black Floral Print Wrap Dress
accessories,Maxima Men White Dial Watch 24132LMGT,Fastrack Men White Dial Watch,Swatch Unisex White/Black Leather Strap Casual Watch
clothing,Doodle Girls Pink Printed Dress,Gini and Jony Girls Pink Dress,Adidas Girls Pink Short-Sleeve Dress
clothing,Amante White Full-Coverage Bra BCFN02,Enamor White Bra,Adidas Women White Soft Cup Bra
clothing,Span Women Magenta Kurta,Fabindia Women Pink Kurta,Anokhi Women Hot Pink Cotton Kurta
clothing,Enamor Women Pack of 3 Mid-Rise Bikini Brief,Chromozome Women Pack of 2 Red Briefs,Adidas Women Red/Navy Briefs
electronics,Rockford 4 Awg Power & Signal,Rockford Fosgate 200W 4-Channel Amplifier Kit,Rockford Fosgate P1000.4 4-Channel Power Amplifier Kit
accessories,Van Heusen Men Black & Brown Reversible Belt,Fossil Men Brown Leather Belt,Adidas Men Brown/Black Leather Bracelet
clothing,Tokyo Talkies Women Printed Grey Top,ADIDAS Women Printed White T-shirt,Chaser Women White V-Neck T-Shirt
clothing,United Colors of Benetton Women Washed Black Jeans,Jealous 21 Women Blue Jeans,Levi's Women Blue Skinny Jeans
electronics,"Yamaha MusicCast BAR 400 Sound Bar with Wireless Subwoofer and Two MusicCast 20 Wireless Speaker, White",JBL Cinema SB250 5.1-Channel Home Theater Sound Bar System (Discontinued by Manufacturer),Yamaha MusicCast Bar 500 Soundbar with Wireless Subwoofer and 2 Speakers - Black
clothing,Locomotive Men Navy Blue Jeans,Wrangler Men Blue Jeans,Levi's Men Navy Blue Slim Fit Jeans
accessories,Timex Men White Dial Chronograph Watch,Fossil Women Purple Dial Watch,Chanel Women Gold/Purple Leather Strap Square Watch
clothing,Aurelia Women Orange Leggings,Fabindia Women Off White Kurta,Anokhi Women White/Orange Kurti
accessories,Lino Perros Women Red Wallet,Lino Perros Women Red Wallet,Adidas Men Red Nylon Running Shoe
clothing,Hanes Men Black Muscle Duo Dry Cotton Stretch Muscle T-shirt,SDL by Sweet Dreams Men Navy Blue Nightshirt,Adidas Men Navy Blue Sleeveless T-Shirt
accessories,ADIDAS Unisex Navy Blue Checked Backpack,Fastrack Unisex Checkered Blue Backpack,Adidas Unisex Blue/Black Checkered Canvas Backpack
accessories,Fossil Men Brown Dial Chronograph Watch CH2599,Fastrack Men Brown Dial Watch,Rolex Men Brown Leather Chronograph
electronics,"SOCKET MOBILE, DURACASE and Charging Dock for 800 Series SCANNERS - iPod Touch 5",VeriFone VX820 Mobile Payment Terminal,BarTender Professional Black Apple Certified Barcode Scanner
clothing,SDL by Sweet Dreams Women Pink Night suits,Femella Women Pink Night Suit,Adidas Women Bright Pink Pajama Set
electronics,Steren 253-106IV 6-Feet Component/Optical Digital Cable,Monoprice 10ft Component Video Cable (White),"Monoprice 3.5mm to RCA Audio Cable, White, 6ft, 3-Pack"
accessories,Baggit Women Brown Chata Josh Wallet,Baggit Women Brown Wallet,Levi's Men Brown Leather Trifold Wallet
electronics,TOOGOO 5 X Ipod Touch 4th Gen Adhesive Strip Sticker,[2-Pack] for LG Stylo 4 Screen Protector [Full Coverage] [Tempered Glass] [3D Curved] [Anti-Scratch] [Case Friendly] [Bubble Free],"Samsung Galaxy S9 Plus Tempered Glass Screen Protector - Full Coverage, 9H Hardness, Anti-Scratch, Anti-Fingerprint, Bubble-Free, Easy Installation"
clothing,Music Men Grey Printed T-shirt,ADIDAS Men Grey Printed T-shirt,Brand Men's Color Graphic T-Shirt Type
accessories,Titan Women Raga Mother Of Pearl Dial Watch,Titan Women White Dial Watch,Chopard Women's Gold Stainless Steel Bangle Watch
electronics,ASUS AMD CM1740-US001S 17-Inch Desktop (Discontinued by Manufacturer),ASUS M5A78L-M LX Desktop Motherboard (Intel 7th Gen LGA 1151),"Asus Desktop Black Intel Core i5, 8GB RAM, 1TB HDD, Windows 10"
clothing,Avirate Black Brief,Enamor Women Black Brief,Calvin Klein Women Black Bikini Bottoms
clothing,Beyouty Women Zena BR 01 Pink Bra,Enamor Women Pink Bra,AdoreMe Women Light Pink Triangle Bralette
accessories,Peter England Men Black Belt,Peter England Men Black Belt,Jack & Jones Men Black Leather Belt
clothing,Jockey Women Navy Blue Lounge Shorts,Gini and Jony Boys Solid Navy Blue Trousers,Adidas Men Navy Blue Sweatpants
electronics,Mustang MV-TILT2 Tilt Wall Mount Adjustable for TV's up to 37-inches,"TV Wall Mount for 32"" to 55"" Flat Screen TVs",Brand X Unisex Brass Foldable TV Mount
accessories,Titan Women Mother of pearl Watch,Fastrack Women Gold Dial Watch,Chanel Women Gold Stainless Steel Pendant Watch
accessories,Arrow Men Black Leather Wallet,Baggit Men Black Wallet,Calvin Klein Men Black Leather Bifold Wallet
clothing,SDL by Sweet Dreams Women Grey & Black Printed Night Suit S11-3231,ADIDAS Men Grey Printed Tank Top,Adidas Men Black/White Tank Top
clothing,Facit Men Fusion Brie Grey Briefs,Chromozome Men Grey Brief,Under Armour Men Gray/Red Athletic Briefs
electronics,Nikon 7486 PROSTAFF 12x25 Waterproof All-Terrain Binocular,Nikon 10x42 Aculon A211 Binoculars (Black) (Discontinued by Manufacturer),Nikon Prostaff 7S 10x42 Binoculars - Black
clothing,ADIDAS Men Adna 3s Shrt Kn Black Shorts,Puma Men Black Shorts,Under Armour Men's Tech Mesh Shorts - Black/White
electronics,Q A Worldwide CCM0601-UP-001 Cable Clamp Cord Organizer,"CableClamp 1/2"" to 1-1/4"" Cable Clamp (Red)",CableClamp Red Cable Management Tool
clothing,Fabindia Women Striped Grey Kurti,United Colors of Benetton Women Solid Peach Pullover,Eileen Fisher Organic Cotton V-Neck Sweater - Women's - Blush - Pullover
clothing,Bwitch  Black Bra,Enamor Women Black Bra,Lucky Brand Women's Black Wire-Free Bra - Comfortable Everyday Wear
electronics,Cody 30GB Portable Media Player PMP4330,"Coby 4.3"" TFT Personal Multimedia Player with 30GB Hard Drive","Coby V-Zon 4.3"" TFT 30GB Personal Multimedia Player"
electronics,12V AC/DC Adapter For Sony SDM-S71 LCD Monitor Charger Power Cord Supply PSU New,"65W AC/DC Adapter for Dell Inspiron 1525, 1720, 9400, Vostro 1000",HP 65W 19.5V 3.34A AC Adapter for HP ProBook 4530s
accessories,United Colors of Benetton Women Solid Purple Wallets,Lino Perros Women Maroon Wallet,Samsonite Women Red Nylon Makeup Bag
electronics,Monster BI250-2M RCA Stereo Cables (2 meters) (Discontinued by Manufacturer),RCA to RCA Gold Plated Audio Cable - 10 Feet (3 Meters),"Denon Audio Cable, 10ft, RCA to RCA, Gold Plated Connectors"
accessories,ADIDAS Unisex Digital Duramo Black Watch,Q&Q Men Black Digital Watch,Quiksilver Unisex Black Digital Watch
electronics,Philips SA5AZU08KF/37 GoGEAR Ariaz MP3 Players - Black,Philips GoGear M3500 4 GB MP3 Player (Black) (Discontinued by Manufacturer),Philips Unisex Black Bluetooth MP3 Player
electronics,Phottix BG-D600 Battery Grip for Camera (Black),Canon BG-E8 Battery Grip for EOS 5D Mark II,Canon BG-E14 Battery Grip for EOS 5D Mark IV - Black
clothing,Levis Men Navy Blue Innerwear Vest,SDL by Sweet Dreams Men Blue Nightshirt,Adidas Men Navy Blue Athletic Tank Top
electronics,"Leviton R02-40807-00W QuickPort Wall Plate with 4-Port Angled Down at 45-Degree, White",Cable Matters 4 Port Keystone Jack Wall Plate with USB Port (White),Netgear General White 4-Port Gigabit Ethernet Wall Plate
clothing,Doodle Boy's I am Handsome No1 Yellow Kidswear,SDL by Sweet Dreams Men Yellow Printed Nightshirt,Puma Men's Yellow Graphic T-Shirt
clothing,SDL by Sweet Dreams Men Brown Pyjama Set,SDL by Sweet Dreams Men Brown Pyjama Set,Adidas Men's Brown T-Shirt and Jogger Pants Set
electronics,"Rugged Radios Bar Mount for Intercoms, Radios and Accessories - 1.5"" Tube Diameter",Bosch 2607004001 1/2-Inch Quick-Connect Coupler,Brand X Men's Black Adjustable Headband Holder
electronics,Logisys Corp. 480W 240-Pin 120MM Ball Bearing Switching Power Supply PS480E12,ATX 500W 80 Plus Bronze Power Supply,Silver Power Supply Unit 500W 80 Plus Bronze Certified
clothing,Gini and Jony Boy's Kane Red White Infant Kidswear,Gini and Jony Girls Red T-shirt,Bootsie Infant/Toddler Red T-Shirt & Bloomer Set
accessories,New Hide Men Solid Brown Belts,Peter England Men Black Belt,Jack & Jones Men Black Leather Belt
electronics,Photo Plus LCD Cover for Nikon D600 and D610 Same as BM-14,Nintendo DSi XL Screen Protector - Clear,Logitech Professional Clear Gaming Trackpad
accessories,Park Avenue Men Black & Brown Reversible Belt,Fossil Men Black Leather Belt,Levi's Men Black/Brown Leather Bracelet
electronics,"Sony ACCFP71 Accessory Kit for DCR-HC26, 36, 46, DVD 205, 305, 405, 505 & DCR-SR40, 60 & 80 Camcorders",Sony LCS-RBC1 Soft Carrying Case for Cyber-shot DSC-RX100 Digital Camera (Black),Sony General Black Camera Case with Battery
accessories,Peter England Men Casual Green Belt,Lino Perros Women Olive Green Belt,Levi's Men Olive Green Nylon Watch Strap
accessories,CASIO ENTICER Women Pink Dial Analogue Watch A444,Fastrack Women White Dial Watch,Chanel Women White Leather Square Watch
electronics,Etekcity 1030330 Mini PAL/NTSC/SECAM to PDP/PAL/NTSC Bi-Directional TV Format System Converter Adapter,Mini PAL to NTSC TV System Converter,MINI PAL to NTSC TV System Converter
electronics,Panasonic KX-TCA86 Comfort-fit headset with travel fold design,Logitech USB Headset H570e with Noise-Canceling Microphone (Discontinued by Manufacturer),"Logitech USB Headset H390 for Business, Black, Noise-Canceling Microphone, 3.5mm Jack"
electronics,"BodyGuardz Armor Carbon Fiber Full Body Stylish Protector for iPad Air/Air 2, White (BZ-ACWP5-1013)",Apple iPad Air 1st Gen 2013 White Carbon Fiber Skin Sticker Decal,"Apple iPad Pro 11"" 2021 Clear Carbon Fiber Skin Case"
accessories,Just Cavalli Women White Watch,Fastrack Women White Dial Watch,Fossil Women's Rose Gold-Tone Stainless Steel Watch
clothing,United Colors of Benetton Men Stripes Pink Tshirts,United Colors of Benetton Men Solid Pink Tshirts,Adidas Men Pink Polo Shirt
electronics,Moon Knight Toon Tumbler 16 Oz. Pint Glass Marvel Comics,Marvel Comics Deadpool Pint Glass,"Samsung Galaxy S21 Ultra 5G 256GB, Mystic Silver, 6.8"" AMOLED Display, 108MP Camera, 5000mAh Battery, Snapdragon 888 Processor"
accessories,Arrow Men Black Belt,Baggit Women Black Belt,Levi's Men Black Leather Belt
clothing,ADIDAS Men's Black Crest Track Pants,United Colors of Benetton Women Solid Black Trousers,Adidas Women Black Running Pants
electronics,"ProBuds In-Ear Premium Headphones, Professional-grade In-Ear Headphones with In-Line Mic and Volume Control.",IK Multimedia iRig Earphones (Black),"12 Pro In-Ear Headphones - Black - Hi-Res Audio, Noise-Canceling, 3.5mm Jack"
accessories,CASIO Sheen Women White Dial Chronograph Watch SX038 SHE-5020L-7ADR,Fastrack Women White Dial Watch,Swatch Women White Leather Casual Watch
accessories,American Tourister Unisex Blue Backpack,Wildcraft Unisex Blue Backpack,Patagonia Unisex Blue/Grey Nylon Backpack
accessories,Mod'acc Women Peach Clutch,Lino Perros Women Pink Coin Purse,Chloe Women Peach Faux Fur Coin Purse
accessories,Rocia Women Pink Clutch,Lino Perros Women Red Wallet,Chloe Women Red Leather Clutch Bag
clothing,Jealous 21 Women Purple Printed White T-shirt,United Colors of Benetton Women Purple T-shirt,Adidas Women Purple Graphic T-Shirt
accessories,Timex Men White Dial Watch,Fastrack Men White Dial Watch,Swatch Unisex Black/Beige Leather Strap Dive Watch
electronics,"OFM Laptop Computer Stand, Cherry/Black",Adjustable Rolling Laptop Desk,Brand Adjustable Rolling Laptop Desk - Model - Color - Ergonomic Design
electronics,Cafetec Screen Protector Charger Cord Cable,iPhone 6 Plus 6S Plus Magnetic Car Mount Holder Air Vent Phone Holder for iPhone 5 5S 5C 4 4S Samsung Galaxy S3 S4 S5 S6 S7 Edge,MagMount Universal Silver Air Vent Magnetic Phone Holder
clothing,Latin Quarters Women Black Printed Dress,Femella Women Grey Printed Dress,Adrienne Vittadini Women Gray Leopard Print Sleeveless Dress
electronics,Seagate ST4000NC001 4TB 5900RPM 64MB CACHE SATA / TERASCALE CLOUD DRIVE,Seagate IronWolf 3TB NAS Internal Hard Drive HDD - 3.5 Inch SATA 6Gb/s 5900 RPM 64MB Cache for RAID Network Attached Storage (ST3000VN004),"Seagate IronWolf 3.5"" 4TB NAS Hard Drive - ST4000VN008"
clothing,John Players Men Blue Slim Fit Low-Rise Clean Look Stretchable Jeans,Jealous 21 Women Blue Jeans,Levi's Women Light Blue Denim Straight Leg Jeans
clothing,Red Rose Women Pink Nightdress,Red Rose Women Pink Nightdress,Pink Polka Dot Pajama Set for Women
clothing,UCB Men's Polo Neck Logo At Chest Pink T-shirt,United Colors of Benetton Men Pink Polo Tshirts,Adidas Men Pink Polo Shirt
clothing,Levis Men White Innerwear Vest,ADIDAS Men White Innerwear Vest,Adidas Men White Athletic Tank Top
electronics,Development Boards & Kits - Wireless ARDUINO WiFi SHIELD,Adafruit 1602 Character LCD Display Shield with I2C Interface for Arduino,Adafruit Beginner Blue Arduino Uno R3
electronics,"Vostro V3550 15.6"" LED Notebook - Core i5 i5-2410M 2.30 GHz - Metallic Silver","Dell Latitude E6520 15.6"" Notebook - Intel Core i5 i5-2540M 2.60 GHz - 4 GB RAM - 500 GB HDD - Windows 7 Professional 64-bit (Renewed)","Dell Latitude E6420 14"" Intel Core i5 2.5GHz 4GB RAM 320GB HDD Windows 7 Business"
electronics,Gitzo GS5311LGS Systematic Geared Center Column for Series 5 Tripods (Black),Bosch 2607005001 1/2-Inch by 30-Inch Quick-Release Extension Pole,Bose SoundLink Revolve+ Bluetooth Speaker - Black
electronics,"AMER 6"" Extension Pole Tube for Universal Projector Ceiling Mount with Internal Cable Management (for AMRP100, AMRDCP100KIT)",Sennheiser HD 100 Headphone (White),Philips Men Silver Smart Home Security Camera
electronics,"The discovery of Britain;: The English tourists, 1540 to 1840",Green Catch Mouse & Rat Glue Board (Pack of 6),Mice Trap Green Catch Mouse & Rat Glue Board - 5 Pack
electronics,V-Tech Replacement I5881 cordless phone battery,Canon HS-C0290 Power Adapter,Canon HS-C0290 Replacement Battery for EOS Digital Cameras
accessories,Levitate Men Brown Wallet,Fossil Men Brown Wallet,Levi's Men Brown Leather Pocket Square
accessories,Baggit Women Red Purse,Lino Perros Women Red Handbag,Chloe Women Red Leather Crossbody Bag
electronics,Cables Unlimited PCM-2230-15B 15 Feet SVGA Cable,VGA to VGA Cable 15 Pin Male to Male 6 Feet,"LogiLink SVGA Monitor Cable, 15mm Male to Male, 3m, Black"
clothing,Red Rose Women Light Pink Bath Robe,Red Rose Women Pink Nightdress,Cherokee Women Pink Scrubs Top
clothing,Mark Taylor Men Blue Striped Shirt,SDL by Sweet Dreams Men Blue Pyjama Set,Calvin Klein Men Light Blue Formal Dress Shirt
accessories,Puma Unisex Big Cat Black Backpacks,Puma Unisex Black Backpack,Puma Unisex Black Polyester Backpack
clothing,Femella Women Black Stockings,French Connection Women Grey Skirt,Adidas Women Black Tights
clothing,ANT Kids Girls Printed Black Skirt,Gini and Jony Girls Navy Blue Skirt,Gap Girls Black Floral Print Skirt
clothing,Chromozome Men Black Briefs,Chromozome Men Black Brief,Calvin Klein Men Black/Gold Briefs
clothing,Jockey MC Mens Navy Blue Pack of two Briefs 8003,Chromozome Men Black Briefs,Adidas Men Black Athletic Briefs
clothing,Basics Men Solid Black Trousers,United Colors of Benetton Men Solid Black Trousers,Calvin Klein Men Black Formal Dress Pants
electronics,PANASONIC SCZT1 WIRELSS SPEAKER SYSTEM PANASON,Logitech Z506 5.1 Surround Sound Home Theater System (Discontinued by Manufacturer),Logitech Z906 5.1 Surround Sound Home Theater System
accessories,New Hide Men Brown Wallet,Fossil Men Brown Wallet,Levi's Men Brown Leather Bifold Wallet
clothing,Hanes Men ComfortSoft Pack of 2 Waistband Hip Briefs,Chromozome Men Pack of 2 Black Briefs,Calvin Klein Men Black Briefs
clothing,Gini and Jony Girls Green Shorts,Jealous 21 Women Green Shorts,Levi's Women Green Denim Shorts
electronics,HC 210mm f/4 Lens for Hasselblad H Series Cameras,Zeiss 200mm f/4 ZM Lens for Leica M Mount (Black),Sigma 70-200mm f/2.8 DG OS HSM Art Lens for Canon - Black
electronics,DE-A25 BATTERY CHARGER PANASONIC LUMIX,Panasonic Lumix DE-A26 Battery Charger,Panasonic Lumix DE-A26 Battery Charger
electronics,"Geevon Friction Pad Paper Feel for iPad Pro (10.5"")","GEEVON iPad Pro 10.5 Screen Protector, Tempered Glass Screen Protector for Apple iPad Pro (2017) 9.7 inch","GEEVON iPad Pro 10.5"" Paper Feel Screen Protector"
electronics,Tripp Lite USB 2.0 Hi-Speed A/B Cable with Ferrite Chokes (M/M) 3-ft. (U023-003),"USB 2.0 A Male to Mini B 5 Pin Male Cable, 6 Feet",Logitech Gaming Black USB Cable for Logitech G933 Headset
clothing,FCUK Underwear Men Navy Blue Brief,Chromozome Men Black Briefs,Calvin Klein Men Black Briefs
clothing,Span Women Printed Green Kurta,Fabindia Women Green Kurta,Anokhi Women Green/Purple Tunic Dress
clothing,Elle Women Black Dress,French Connection Women Black Dress,Adrianna Papell Women Black One-Shoulder Cocktail Dress
electronics,25-Ft. (7.6m) CAT6 Computer Network Cable,"CableWholesale Cat5e Ethernet Patch Cable, RJ45 M/M, Blue, 100 Foot (10 Pack)","Netgear Cat5e Ethernet Cable, Blue, 10ft, RJ45, 350MHz, 550Mbps"
electronics,WD AV 35in 320GB SATA 8MB HDD WD3200AVJS-00WDA0,"Western Digital WD5000AAKS-00G00A0 5TB 7200 RPM 64MB Cache SATA 6.0Gb/s 3.5"" Internal Hard Drive","Western Digital WD5000AAKX 5TB 7200 RPM 64MB Cache SATA 6.0Gb/s 3.5"" Internal Hard Drive"
accessories,Kiara Women Women Handbag,Lino Perros Women Black Handbag,Givenchy Women Black Leather Crossbody Bag
electronics,"Toshiba 32HF73 32"" HDTV-Ready TV with FST PURE Flat Tube","Toshiba 27"" 720P 60Hz LCD HDTV-27L300U",Panasonic Men Silver 70cm LCD TV
clothing,SDL by Sweet Dreams Women Blue Night suits,SDL by Sweet Dreams Women Blue Pyjama Set,Adidas Women Sky Blue Sleeveless Top & Capri Pants Set
electronics,Asurion 2-Year Electronics Accident Protection Plan ($150-$175),ASURION 3-Year Home Entertainment Protection Plan ($200-$249.99),Asurion All Silver 3-Year Extended Protection Plan
clothing,United Colors of Benetton Men Printed Grey Tshirts,SDL by Sweet Dreams Men Grey Printed T-shirt,Adidas Men Grey Graphic Tee
clothing,Lee Women Purple Paula Pansy Top,United Colors of Benetton Women Solid Purple Blouse,Chicloth Women Lavender V-Neck Sweater
accessories,Wilson Unisex Red Champ Backpack,Wilson Red Backpack,Wilson Unisex Red/Black Polyester Backpack
electronics,Custom Install Parts Beige Radio Stereo Dash Kit w/Wire Harness+Pocket+Antenna Adapter Compatible with Chevrolet Pickup Truck 1988-1994,Kawasaki 1997-2004 VN1500A VN1600B VN1700C VN1800D VN1900E VN2100F VN2300G VN2400H VN2550I VN2601J VN2701K VN2801L VN2901M VN3101N VN3201O VN3301P VN3401Q VN3501R VN3602S VN,"Pioneer AVIC-F9100NEX 6.2"" Touchscreen Navigation System with Built-in Bluetooth, USB, and AUX Inputs (Brown)"
electronics,"Sharp 26"" LCD HDTV LC-26SH12U",Sharp Aquos LC-40D55U 40-Inch 1080p 60Hz LCD HDTV,"Sharp AQUOS LC-40LE650U 40"" Full HD LED TV"
clothing,SDL by Sweet Dreams Women Pink Night suits,SDL by Sweet Dreams Women Pink & Black Pyjama Set,Calvin Klein Women Pink/Black Stripe T-Shirt
clothing,Palm Tree Girl's Cr Blossom Drs Pink Dresses,Gini and Jony Girls Printed Pink Dress,Lilly Pulitzer Little Girls' Pink Heart Print Dress
accessories,Wildcraft Unisex Grey & Black Cruiser Backpack,Lino Perros Women Black Backpack,Adidas Unisex Black Nylon Backpack
accessories,Baggit Women Quick Cobra Pink Wallet,Lino Perros Women Pink Wallet,Chloe Women Pink Suede Handbag
clothing,Enamor Black La Mode Bra,Enamor Women Black Bra,Lucky Brand Women's Black Seamless Triangle Bra
clothing,Allen Solly Kids Green T-shirt,United Colors of Benetton Men Printed Green Tshirts,Adidas Men Green Polo Shirt
electronics,"3WARE Cable, 1 Unit of .5 Meter Multi-Lane Internal (SFF-8087) Serial Ata Cable",Fujitsu 30cm 4-Pin Molex to 3-Pin SATA Power Cable,"Corsair Molex to SATA Power Cable, 15cm, Red/Black"
accessories,Baggit Women Dhano Taj Brown Wallet,Lino Perros Women Brown Wallet,Levi's Men Dark Brown Leather Cell Phone Case
clothing,Facit Men Navy Blue Brief,Chromozome Men Black Briefs,Lucky Brand Men's Black Microfiber Briefs
electronics,"FIRESTIK 5ft Heavy-Duty Antenna 5/8 Wave, Black, KW5-BK","Ritchie 75000K-AT3A 3/8-Inch by 36-Inch Black, Red, White, and Blue Multi-Color LED Light Bar (Pack of 4)","""Rapidit 7500K AT 97A - Black/Red/White/Blue - 100% Conductive Adhesive Tape"""
clothing,Bwitch Black Bra,Enamor Women Beige Bra,Lucky Brand Women's Beige Lace Bralette - Comfortable & Stylish Underwear
clothing,Tantra Men's Decade Ago Blue T-shirt,United Colors of Benetton Men Navy Blue T-shirt,Adidas Men Navy Blue Graphic T-Shirt
accessories,Miss Sixty White Dial Watch,Fastrack Women White Dial Watch,Chanel Women Silver Metal Wristwatch
accessories,Baggit Women Taj Black  Belt,Lino Perros Women Black Bracelet,Adidas Unisex Black Nylon Bracelet
electronics,Wonderful World of Disney An Adventure in Color including Donald In Mathmagic Land,The Wonderful World of Disney: An Adventure in Color (Donald in Mathmagic Land / The Illusion of Life) [VHS],"Disney Unisex VHS Double Feature: The Wonderful World of Disney, Donald in Mathmagic Land, The Illusion of Life"
electronics,Definitive Technology XTR-20BP Ultra Thin - On Wall Bipolar Rear Speaker - Black,JBL Control 25-1 2-Way Bookshelf Speaker (Each) (Discontinued by Manufacturer),Bose Acoustimass 5 Series III Black Surround Sound Speakers
accessories,Citizen Men Black Dial Chronograph Watch,Fastrack Men Black Dial Chronograph Watch,Rolex Men Black Leather Chronograph
clothing,Hanes Men Navy Blue Shorts,ADIDAS Men Navy Blue Shorts,Adidas Men Navy Blue Running Shorts
clothing,Jockey Men Charcoal Zone Stretch Briefs,Jockey Men Black Brief,Jockey Men's Black Cotton Thong Underwear
clothing,Tantra Men's Love India White T-shirt,United Colors of Benetton Men White T-shirt,I Love India Men's T-Shirt - White Cotton Graphic Tee
electronics,1-to-2 PCI Express X16 Riser Card (Very Useful for Mini-ITX MB with a Single Slot),Kingston ValueRAM 2GB (2 x 1GB) 240-Pin DDR2 SDRAM DDR2 800 (PC2 6400) Dual Channel Kit Memory for HP Pavilion G6-1000,Kingston ValueRAM 2GB (2x1GB) DDR2 800MHz CL6 Dual Channel Kit
accessories,Wildcraft Unisex Grey Printed Messenger Bag,Lino Perros Women Black & Grey Handbag,Patagonia Unisex Black/Grey Canvas Backpack
electronics,Power Payless Compatible with 12V AC Adapter Compatible with DC12030013A Power Supply,19V 3.42A 65W AC Adapter Charger for Dell Inspiron 15R 17R N5050 N5110 N7010 M501R M521R N401Z N411Z,Lenovo 20V 3.25A 65W AC Adapter - Black
clothing,Pepe Jeans Women Black Jeans,Wrangler Women Black Jeans,Levi's Women Black Skinny Jeans
clothing,Elle Women Blue Jacket,SDL by Sweet Dreams Women Blue Denim Jacket,Levi's Women Blue Denim Denim Jacket
electronics,HP Pro Slate K4M18UT#ABA 7.86-Inch 32 GB Tablet (Silver),HP Slate 8 Pro 16GB Tablet (Renewed),"HP Spectre x360 13.3"" 2-in-1 Touchscreen Laptop, Intel Core i7, 16GB RAM, 512GB SSD, Windows 10, Silver"
clothing,Shree Women Navy Blue & Pink Jodhpuri Salwar,Femella Women Black Printed Harem Pants,Boho Chic Women Black Floral Print Harem Pants
clothing,Allen Solly Men Khaki Chino Trousers,Fastrack Men Beige Trousers,Levi's Men Khaki Slim Fit Jeans
accessories,Wildcraft Men Blue & Black Backpack,ADIDAS Unisex Blue Backpack,Adidas Men's Primeblue Backpack Blue/Black
accessories,Q&Q Men Blue Digital Watch,Q&Q Men Blue Digital Watch,Swatch Kids Blue Silicone Digital Watch
accessories,Timex Men White Dial Chronograph Watch,Patek Philippe Men White Dial Watch,Rolex Women Gold/White Stainless Steel Wristwatch
clothing,Enamor Women Peach Bra,Enamor Women Beige Bra,Lucky Brand Women's Seamless T-Shirt Bra - Nude - Wire-Free
clothing,United Colors of Benetton Women Black Dress,Femella Women Black Dress,Adrienne Vittadini Women Black Formal Dress
clothing,Lee Men's Mayor Blue T-shirt,ADIDAS Men Blue T-shirt,Adidas Men Blue Graphic Tee
accessories,Bulchee Men Brown Leather Belt,Peter England Men Brown Belt,Levi's Men Brown Leather Belt
clothing,Jealous 21 Women Pink Top,SDL by Sweet Dreams Women Pink Nightwear Nightshirt,Adidas Women Bright Pink Athletic T-Shirt
electronics,Arlo Pro 2 2-Camera Indoor/Outdoor Wireless 1080p Security Camera System,Arlo Pro 2 2-Camera Indoor/Outdoor HD Security Camera System (VMS4230P-100NAS),Arlo Pro 3 2-Camera Indoor/Outdoor Security System - Black
accessories,Fossil Women Multi Coloured Stitched Link Belt,Lino Perros Women Beige Belt,Levi's Men Tan Leather Belt
electronics,Mach Speed TRIO43MID40C 4GB Tablet PC,Samsung Galaxy Tab 10.1 P7500 16GB Tablet (Certified Refurbished),"Samsung Galaxy Tab 2 10.1"" 16GB WiFi Tablet - Black"
electronics,Gateway SX2840-01 PC & CA Internet Sec. Suite 2010,Intel Core i3-2100 3.1GHz 6GB DDR3 500GB Windows 7 Home Premium Desktop PC,"Intel Core i3 6GB DDR3 Desktop with Windows 7, HDMI, Keyboard & Mouse, Internet Security Suite 2010"
clothing,Latin Quarters Women Pink Printed Dress,Femella Women Pink Printed Dress,Adrienne Vittadini Women Pink Floral Print Formal Dress
clothing,John Players Men Blue Jeans,Wrangler Men Black Jeans,Levi's Men Navy Blue Regular Fit Jeans
electronics,"Memorex 32103674 3.5"" Floppy Disk (MF2HD IBM Formatted, Rainbow, 20-Pack) (Discontinued by Manufacturer)","Memorex 3.5"" Floppy Disks (20-Pack)","Memorex 20-Pack 3.5"" HD Floppy Disks"
accessories,Fossil Women Teal Wallet,Fossil Women Green Wallet,Fendi Women's Green Suede Wallet
electronics,Sumdex SpinWork 2 Quick Stand for Apple iPad2 (PON-803WN),i-Blason 360 Degree Rotating Ring Stand for iPad 2/3/4,Bluetti Kids Light Blue Tablet Case with Ring Stand
accessories,Fastrack Men Leatherette Black Belt,Lino Perros Women Black Belt,Adidas Unisex Black Leather Belt
electronics,AMD HDZ965FBGIBOX Phenom II X4 965 3.4GHZ Central Processing Unit (Black),AMD Phenom II X4 955 3.2GHz Quad-Core CPU Processor Socket AM3,AMD Phenom II Black Edition Multi-Core Processor
accessories,Fossil Women Multi Coloured Quilted Squares Belt,Lino Perros Women Multicolour Belt,Coach Women Multi-Color Leather Belt
clothing,Jealous 21 Women Washed Blue Capris,Wrangler Women Blue Jeans,Levi's Women Blue Denim Cropped Jeans
clothing,Aneri Women Niti Purple Kurta,United Colors of Benetton Women Solid Purple Tunic,Adventura Women Mauve Tunic Sweater
clothing,Gini and Jony Girls Pink Top,Gini and Jony Girls Solid Pink T-shirt,Gildan Women's Short Sleeve T-Shirt - Bright Pink
accessories,Fastrack Men Non Leather Dark Choclate Colour Brown Belts,United Colors of Benetton Men Brown Belt,Levi's Men Brown Leather Belt
electronics,OSRAM BP96-00677A / 69377 / Bulb 45 / P-VIP 100-120/1.0 E22H Factory Original Bulb ONLY for Samsung HL-P5685W TELEVISIONS,Hewlett Packard (HP) B16G8111730 HP 2000-2050 Series Projector Lamp,HP 245288-001 180W 2700K 100-240V 50/60Hz Lamp
accessories,FOSSIL Women White Dial Watch ES3069,Fastrack Women White Dial Watch,Lacoste Women's Silver Stainless Steel Bracelet Watch
accessories,New Hide Men Black Belt,Lino Perros Women Black Belt,Levi's Men Black Leather Belt
clothing,United Colors of Benetton Men Check Blue Shirt,United Colors of Benetton Men Check Blue Shirts,Levi's Men Blue Checkered Casual Shirt
clothing,John Players Men Check Blue Shirt,United Colors of Benetton Men Blue Shirt,Levi's Men Blue Short Sleeve Button-Up Shirt
clothing,Proline Men Charcoal Grey Track Pants,Fastrack Men Black Trousers,Levi's Men Black Chino Pants
clothing,Scullers Men Khaki Trousers,United Colors of Benetton Men Khaki Trousers,Adidas Men Olive Green Casual Pants
accessories,Lino Perros Women Leather Purple Wallet,Lino Perros Women Purple Wallet,Leatherworks Women Purple Leather Wallet
clothing,Genesis Men Stripes White Shirts,SDL by Sweet Dreams Men White Shirt,Calvin Klein Men White Formal Dress Shirt
electronics,Velbon Ultra Monopods 5-section Twist Lock Neoprene Grip 21mm Strap - Velbon ULTRASTICKM50,Velbon Ultra Stick 50 Monopod,"Velbon Ultra Stick 50 Monopod - Black - Adjustable Height, Compact Design"
electronics,"Moview MV17DC Elite LCD Monitor Arm for 18""x21"" Flat Panel","Universal Mount for 7"" to 10"" Tablets (Black)",Brand X Unisex Black Adjustable Tablet Stand
clothing,Red Rose Women Black Nightdress,Enamor Women Black Nightdress,Lingerie Bliss Women's Black Satin Chemise Nightgown Sleepwear
accessories,Fastrack Men Sliver-Toned Dial Watch NA3039sl01,Fastrack Men White Dial Watch,Swatch Unisex White/Black Leather Strap Casual Watch
accessories,New Hide Men Black Reversible Belt,Peter England Men Black Belt,Levi's Men Dark Brown Leather Belt
electronics,Sony Lens Hood for SEL70200G - Black - ALCSH133,Sony SELP1670 Lens Hood for 16-70mm f/2.8 Lens (White),Sony VCL-05210 Lens Hood for Sony E-Mount Lenses - White
electronics,"ASUS Radeon HD 4870,PCI Express & Pci Express 2.0 SUPPORT,512MB DDR5,256 Bit,engi",ASUS GeForce 8800 GTS 512MB DDR3 PCI Express x16 Video Card,ASUS Radeon HD 3850 512MB DDR3 PCIe Graphics Card
clothing,U.S. Polo Assn. Men White T-shirt,United Colors of Benetton Men White Polo Tshirts,Adidas Men White Polo Shirt
electronics,Callaway Golf uPro MX+ Replacement USB Cable,"USB Cable for Sony Cyber-shot DSC-HX10V, DSC-WX150 Digital Camera","USB Cable Universal Black USB to Micro USB, 1.5m"
electronics,Samsung SE-208AB/TSLS 8X Slim DVD+/-RW USB External Drive (Blue),Samsung 500GB USB 2.0 External Hard Drive (Blue) (Discontinued by Manufacturer),Samsung USB 3.0 External Hard Drive 1TB Blue
accessories,Maxima Ssteele Men White Dial Watch,Fastrack Men White Dial Watch,Rolex Unisex White/Black Leather Strap Quartz Watch
clothing,Chromozome Men Black Briefs,Chromozome Men Black Briefs,Calvin Klein Men Black Briefs
clothing,Happy Socks Women Black & Grey Tights,United Colors of Benetton Women Printed Black Tights,Zebra Print Tights - Women's - Black/White - Stockings
accessories,Fossil Men Black Dial Watch FS4576,Fastrack Men Black Dial Watch,Rolex Men Black Leather Strap Rectangular Watch
electronics,Sanus Low-Profile 6 Swivel Outlet Surge Protector - ELM202-B1 (Black),Powerline 1500W Surge Protector with 6 Outlets and 2 Coax Inputs,"Power Strip with Surge Protection, 6 Outlets, 2 USB Ports, 1500 Joules, Grey"
accessories,United Colors of Benetton Women Solid Black Wallets,Baggit Women Black Wallet,Coach Women Black Leather Wallet
clothing,Red Rose Red & Black Nightdress,Enamor Women Brown Nightdress,Chicloth Women's Brown Lace Nightgown with Red Trim - Sleepwear
clothing,Hanes Women White Cotton Stretch Light Padded Bra,Enamor White Bra,Adidas Women White Sports Bra
electronics,"Kicker 04G10L7 10"" Solo-Baric Subwoofer Grille",2005-2010 Honda CRV 4 Door Roof Rack Crossbars Silver,Logitech Gaming Silver USB Gaming Headset
clothing,Denizen Men Navy Blue Jeans,Jealous 21 Men Blue Jeans,Levi's Men Dark Blue Slim Fit Jeans
clothing,Sepia Women Orange Top,Red Rose Women Orange Top,Adriana Women Orange Ruffle Sleeve Dress
clothing,Biara Women Black Bra,Enamor Women Black Bra,Adidas Women Black Sports Bra
clothing,Puma Men Black Net Jersey,ADIDAS Men Black T-shirt,The North Face Men's Tech Short-Sleeve Tee Black
electronics,Bower SS2475BL Digital Camera Neck Strap 1.75-Inch - Blue,"Bower Camera Neck Strap for Canon, Nikon, Sony, Pentax, Olympus, Panasonic, Samsung, and More (Blue)",Bower Blue Digital Camera Neck Strap with Quick Release Buckle
clothing,Enamor Women Brown Boy Shorts Brief,Chromozome Women Brown Briefs,Adidas Women Black Sports Briefs
accessories,Fossil Men Brown Glenn Belt,Lino Perros Women Brown Belt,Jack & Jones Men Brown Leather Belt
accessories,Baggit Women Xylo Hatela Purple Belt,Baggit Women Purple Belt,Levi's Women Purple Leather Belt
electronics,"Mobile Edge Red Neoprene Sleeve - 14.1""","Mobilize 15.6"" Red Laptop Case","Moleskine Unisex Red 15"" Laptop Sleeve"
clothing,SDL by Sweet Dreams Women Purple Nightdress,SDL by Sweet Dreams Women White Nightdress,Adidas Women White/Black Sleeveless Dress
clothing,BIBA OUTLET Women Dyed Pink Kurti,SDL by Sweet Dreams Women Pink Nightdress,Anokhi Women Pink/Purple Ombre Tunic Top
accessories,Carrera Men Hexagaon Dial Black Watches,Fastrack Men Black Dial Watch,Rolex Men Black Leather Wristwatch
clothing,Bwitch Women White Bra,Enamor Women White Bra,Lucky Brand Women's White Lace Underwire Bra
clothing,Mother Earth Women Red Kurti,Femella Women Red & Orange Dress,Adrianna Women Red/Orange Tunic Dress
accessories,Pieces Women Black Sling Bag,Lino Perros Women Black Handbag,Stella McCartney Women Black Leather Shoulder Bag
clothing,Spykar Men's Solid Sweater,United Colors of Benetton Men Grey Sweater,Adidas Men Grey Half-Zip Pullover
clothing,Arrow Men Cream Striped Shirt,SDL by Sweet Dreams Men White Shirt,Calvin Klein Men Ivory Cotton Formal Dress Shirt
electronics,BENSN DC 12V 1A Power Supply Adapter…,"Power Supply Adapter for Sony DCR-TRV240, DCR-DVD105, Handycam Camcorder",Panasonic General Black USB Power Adapter
clothing,Timberland Men's Rugby Stripe Pique Juniper Green T-shirt,United Colors of Benetton Men Striped Green Polo T-shirt,Adidas Men Green/White Striped Polo Shirt
clothing,Facit Men White Brief,Chromozome Men White Briefs,Calvin Klein Men White Briefs
electronics,"Garmin Replacement Band, Forerunner 920XT, Blk/Slvr",Replacement Band for Garmin Forerunner 910XT (Black),Garmin Men's Black Quatix 5 Smartwatch Band
clothing,Shree Women Purple & Magenta Jodhpuri Salwar,Vastramay Women Orange Kurta,Anokhi Women Orange/Floral Harem Pants
electronics,Black Leather Carrying Case w/ Belt Clip for Nokia 6555,Blackberry Curve 8900 Holster with Belt Clip,LeatherTech Unisex Black Flip Phone Case with Belt Clip
clothing,Timberland Men Green Back Logo T-Shirt,United Colors of Benetton Men Solid Green Tshirts,Levi's Men's Green V-Neck T-Shirt
clothing,Arrow Woman Check Grey Trousers,United Colors of Benetton Men Solid Grey Trousers,Calvin Klein Women Mint Green Skinny Jeans
accessories,Wrangler Men Brown Belt,Fossil Men Brown Leather Belt,Levi's Men Brown Leather Belt
clothing,Scullers Women Solid Purple Tops,United Colors of Benetton Women Maroon Top,Adrienne Vittadini Women Burgundy Knit Tunic
electronics,7 Hour Battery For LawMate PV-500 DVR,"Pentax D-LI92 Battery Pack for K10D, K20D and K30 Digital SLR Cameras",OPPO Unisex Black RFID Card Reader
clothing,Proline Men Charcoal Grey Track Pants,United Colors of Benetton Men Solid Grey Trousers,Adidas Men Black Regular Fit Pants
electronics,Sony RMT333A MDP333 146549621 Remote Control,Original Sony RMT-A100P Remote Control for Sony CD/DVD Player,Sony CD/DVD Player Remote Control
clothing,Gini and Jony Boys Beach White Shorts,ADIDAS Men White Shorts,Adidas Men White Performance Shorts
electronics,Acer Iconia Tablet Cortex A53 MT8163 Quad-Core 1.3GHz 1GB RAM 16GB Flash Android (Renewed),Dell Venue 10 Pro 5000 64GB Tablet (Renewed),Dell Venue 10 Pro 5000 Series 2-in-1 Tablet with Keyboard - Black
clothing,Peri Peri Women White Bra,Enamor White Bra,AdoreMe Women White Soft Cup Bra
clothing,Jealous 21 Women Blue Shorts,Wrangler Women Blue Shorts,Levi's Women Blue Denim Biker Shorts
accessories,Nyk Women Mustard Wallet,Lino Perros Women Mustard Wallet,Chloe Women Mustard Leather Wallet
clothing,Alma Women Black Kurta,United Colors of Benetton Women Solid Black Kurta,Adrienne Vittadini Women Black Tunic Dress
electronics,Superlon #18 Twisted Nylon Bead Cord 77 Yard Spool Bobbin BRIGHT CORAL,"Red 100% Polypropylene Twine, 20 lb. Tensile Strength, 300 ft. Spool",Apple Unisex Red Smartwatch with Heart Rate Monitor
clothing,Jockey SP-OW Men Black Innerwear Vest SP11,ADIDAS Men Black T-shirt,Carhartt Men's Black Logo Tank Top
clothing,Jealous 21 Women Jealous Eara Red Top Red T-shirt,SDL by Sweet Dreams Women Pink Printed Nightdress,Adidas Women Pink Graphic T-Shirt
accessories,Wrangler Women Brown Belt,Peter England Men Brown Belt,Levi's Men Brown Leather Belt
electronics,"Fusion AM Series Marine Amplifier, 400-watt 2 Channel, A Garmin Brand",FUSION MS.AM105 1000W 5-Channel Marine Amplifier,FUSION MS.AM410i 4-Channel Marine Amplifier - White
accessories,Kiara Women Red Handbag,Lino Perros Women Red Handbag,Stella McCartney Women Red Leather Crossbody Bag
clothing,Lee Men Check Green Shirts,SDL by Sweet Dreams Men Check Green Nightshirt,Levi's Men Green Plaid Button-Up Shirt
accessories,CASIO Sheen Women Black Dial Chronograph Watch SX024 SHE-5512D-1ADF,Fastrack Men Black Dial Chronograph Watch,Rolex Men Silver Stainless Steel Chronograph Watch
clothing,Facit Men White String Bikini Briefs,Chromozome Men White Brief,Calvin Klein Men's White Microfiber Briefs with Red Waistband
electronics,4AllDeals 4GB Kit (2x2GB) Memory RAM Upgrade for Dell Optiplex GX520 Desktop (DDR2-533MHz 240-pin DIMM),4GB (1x4GB) PC3-10600 1333MHz DDR3 Non-ECC Unbuffered CL9 240-Pin DIMM Memory for Dell OptiPlex 380 SFF,All-Dealz 2GB DDR2 800MHz Non-ECC PC2-6400U 240-Pin DIMM Memory Module
clothing,Elle Women Blue Chambray Capris,Wrangler Women Blue Jeans,Levi's Women Light Blue Denim Cropped Jeans
accessories,Pitaraa Women Green Sling Bag,Lino Perros Women Green Wallet,Brand Women's Type in Color Material
clothing,Jockey COMFORT PLUS Men Zone Black Trunks 8015,Chromozome Men Black Trunks,Under Armour Men Black Boxer Briefs
accessories,Fiorelli Women Black and Taupe Leather Handbag,Lino Perros Women Black Handbag,Louis Vuitton Black Leather Speedy 30 Bag
accessories,Maxima Men Black Watch,Fastrack Men Black Dial Watch,Swatch Men's Black Ceramic Sport Watch
clothing,Puma Men Steel Grey 3/4 Length Pants,Fastrack Men Grey Capri,Adidas Men Grey Cotton Cargo Shorts
accessories,Lino Perros Men Black Wallet,Baggit Men Black Wallet,Levi's Men Black Leather Bifold Wallet
clothing,Levis Men Comfort Style Maroon Innerwear Vest,ADIDAS Men Maroon T-shirt,Adidas Men Maroon Athletic Tank Top
accessories,Playboy Women Silver Dial Watch,Fastrack Women White Dial Watch,Chanel Women White/Black Ceramic Wristwatch
electronics,Metz MZ 57656 76-56 NiMH Battery,"Nespresso Vertuo Plus Coffee and Espresso Machine, Green (Renewed)","Nespresso Vertuo Next Coffee and Espresso Machine, Green"
electronics,Interfit INT240 Small 8 Feet x 9 Feet Background Cloth (Grey),Fujifilm Instax Mini 90 Neo Classic Instant Film Camera (White),"Apple Men Silver iMac Pro 2021, 32GB RAM, 512GB SSD"
accessories,Reid & Taylor Men Casual Brown Wallets,Lino Perros Women Brown Wallet,Levi's Men Tan Leather Pocket Square
electronics,Intel TRAY PENTIUM 4 3.06GHZ-HT 512K 533FSB S478 ( RK80532PE083512 ),Intel Pentium 4 630 3.00GHz 512KB L2 Cache 800MHz FSB Socket 478 CPU Processor SL9YH,Intel Pentium 4 630 2.8GHz Socket 478 Processor
electronics,MAXTOR ONE TOUCH 3 750GB 7200RPM 16MB USB 2.0,"Maxtor 500GB 7200RPM 3.5"" SATA II 8MB Cache Internal Hard Drive",Maxtor External Hard Drive 2TB USB 3.0 Silver
electronics,Absolute USA US15BT 2-Way 15-Inch Portable Speaker,Bose S1 Portable PA System (Discontinued by Manufacturer),Behringer Xenyx QX1002USB Portable PA System with USB Interface
clothing,Avirate White Nightdress,Enamor Women White Nightdress,Elegant White Satin Nightgown - Women's Sleepwear
accessories,Baggit Women Blue Wallet,Lino Perros Women Blue Wallet,Chloe Women Blue/Grey Leather Compact Wallet
accessories,French Connection Women Beige Belt,Lino Perros Women Beige Belt,Chloe Women Rose Gold Leather Thin Bracelet
electronics,Vintage Treble Clef Music Green Wheel Center Cap 3D Domed Stickers Badges - Set of 4,Treble Clef 3D Stickers (Set of 4),3D Treble Clef Stickers Unisex Lime Green Music Note Decals
clothing,Chromozome Men Navy Blue Trunks,Chromozome Men Navy Blue Trunks,Under Armour Men Navy Blue Boxer Briefs
clothing,John Players Men White Check Shirt,SDL by Sweet Dreams Men Pink Checkered Nightshirt,Levi's Men Pink/Blue Checkered Casual Shirt
accessories,French Connection Women Navy Blue Belt,Peter England Men Navy Blue & Orange Belt,Jack & Jones Men Navy/Orange Leather Belt
electronics,Z3X Box Samsung Edition with cable set - ultimate service tool for Samsung mobile phones,Redcat Racing 201000 1/10 2.4GHz 4-Channel Radio System,Red Rock Unisex Black/Red USB Cable Set
accessories,Timex Expedition Men Blue Dial Watch T49780,Fastrack Men Blue Dial Watch,Rolex Men's Blue Leather Strap Wristwatch
clothing,Wrangler Women Puff Brown Shirt,United Colors of Benetton Women Brown Blouse,Adidas Women Brown Knit Blouse
accessories,Peter England Men Leather Black Wallet,Lino Perros Women Black Wallet,Levi's Men Black Denim Bifold Wallet
electronics,Sound Storm Laboratories F4.400 400-Watt 4-Channel Power Amplifier with High/Low Crossover,SSL F4.400 4-Channel Amplifier,SSL F4.400 4-Channel Power Amplifier - Black
accessories,Kiara Women Teal Handbag,Lino Perros Women Green Handbag,Chloe Women Teal Leather Crossbody Bag
electronics,Rosewill 2.1 Arc Horn Style Designed Speakers (RNA-SYM),Logitech Z506 Surround Sound Speaker System (Discontinued by Manufacturer),Logitech Z506 5.1 Surround Sound Speaker System - Black
accessories,United Colors of Benetton Women Solid Brown Belts,Peter England Men Brown Belt,Levi's Men Brown Leather Belt
clothing,UCB Women's Basic Round Neck Navy Blue T-shirt,United Colors of Benetton Women Blue T-shirt,Adidas Women Blue Cotton T-Shirt
clothing,Chromozome Men Blue Pack of 2 Briefs,Chromozome Men Navy Blue Briefs Pack of 2,Chromoz2 Women Navy Blue Thong Underwear
clothing,UCB Women Quarter Sleeve Round Neck Pink Top,SDL by Sweet Dreams Women Lilac Sweater,Lavender Cashmere V-Neck Sweater for Women
electronics,Sharp LC-32D6U Aquos 32-Inch HD-Ready Flat-Panel LCD TV,Sharp AQUOS LC-32D35U 32-Inch 720p LCD HDTV,"Sharp AQUOS LC-32D50U 32"" LCD TV with 1080p Resolution"
clothing,Wrangler Men Flag Blue Sweater,United Colors of Benetton Men Blue Stripes T-shirt,Adidas Men Blue/White Striped V-Neck Tank Top
electronics,Sigma 70-200mm f/2.8 EX DG APO HSM Large Aperture Macro Zoom Lens for Nikon Digital SLR Cameras,Tamron SP 70-200mm f/2.8 Di VC USD Lens for Canon,Sigma 50-100mm f/1.8 EX DG OS HSM Lens for Canon
electronics,LOREX LNC204 Wireless 720P HD IP Camera (Black),Lorex LHD-1000 1080p HD Wireless Indoor Security Camera,Lorex HD Security Camera with Night Vision and Motion Detection
clothing,Facit Men Trophy BF Blue Briefs,Chromozome Men Blue Briefs,Under Armour Men Blue Athletic Briefs
clothing,Elle Women Violet and Lavender Tunic,French Connection Women Purple Dress,Adidas Women Purple/Navy Athletic Dress
clothing,Avirate Women Black Dress,French Connection Women Black Dress,Elie Tahari Women Black One-Shoulder Cocktail Dress
electronics,"PENIVO ANAFI Remote Controller Smartphone/Tablet Stents, Portable Holder Extension 4-12 inch Tablet Bracket Mount for Parrot ANAFI Drone Accessories",Razer Riptide Mobile Gaming Controller for Nintendo Switch,Razer Riptide Mobile Gaming Controller - Black
electronics,"Silicone Case for iPod Nano 5th Generation, Navy, Replacement Part from Complete TuneBand Package, Silicone CASE ONLY",Apple iPod Nano 4th Generation 8GB (Blue) (Discontinued by Manufacturer),iPod Classic 80GB Navy Blue MP3 Player
accessories,Peter England Men Leather Black Belt,Peter England Men Black Belt,Jack & Jones Men Black Nubuck Leather Belt
electronics,Kramer Electronics VS-55A 5x1 Stereo Audio Switcher,Kenton VS-55A 5-Channel Audio Switcher,KLARK TEKNIK VS-55A 5-Channel Audio Switcher
clothing,Avirate Red & Black Bra,Enamor Women Black Bra,La Perla Women's Black Lace Bralette
clothing,Undercolors of Benetton Men Pack of 2 White V-Briefs,Chromozome Men White Briefs,Adidas Men White Athletic Briefs
accessories,New Hide Men Stripes Blue Belts,Peter England Men Brown & Blue Belt,Jack & Jones Men Tan/Blue Leather Belt
electronics,Coby Electronics TF-DVD7006 7-Inch Widescreen TFT Portable DVD Player,Coby TFDVD701 7-Inch Portable DVD Player (Discontinued by Manufacturer),"COBY VIZON Portable DVD Player with 7"" Swivel Screen - Black"
electronics,Belkin 105-key Classic Keyboard USB for Windows 98,Logitech 920-000356 K740 Ergonomic Keyboard (White),"Logitech Professional White USB, Ergonomic, 104 Keys"
clothing,SDL by Sweet Dreams Men Grey Melange Pyjama Set,United Colors of Benetton Men Striped Grey Tshirts,Adidas Men Blue/White Striped T-Shirt
electronics,Remote for Pioneer AVHX8800BT AVIC5200NEX AVIC6200NEX AVIC7100NEX AVIC8100NEX AVH2300NEX,Pioneer CD-R33 Remote Control,Pioneer CD-R33 Black Remote Control
electronics,"Ultimate Netbook Accessory Kit for 10"" Netbook - Purple",GigaBee 10.4-Inch Portable DVD Player with Carrying Case (Purple) (Discontinued by Manufacturer),Geek Gear Unisex Purple Portable DVD Player Kit with Carrying Case and Mouse
accessories,Bulchee Men Brown Wallet,Lino Perros Men Brown Wallet,Jack Spade Men Brown Leather Bifold Wallet
clothing,Hanes Men Black Boxer  Trunks,Chromozome Men Black Boxer Briefs,Under Armour Men Black Performance Boxer Briefs
accessories,Reid & Taylor Men Casual Black Belt,United Colors of Benetton Men Solid Black Belts,Levi's Men Black Leather Belt
electronics,DFILL GenericJINCHENG EL10-009 Correctional Officer Vest Challenge Coin Corrections Prison Jail C,Correctional Officer Prayer Vest Lapel Pin,Correctional Officer Male/Female Black/Gold Enamel Lapel Pin
clothing,Jockey MC Men Pack Of 2 Briefs 8003,Chromozome Men Olive Green Briefs,Brandy Melville Women Olive Green Bikini Bottoms
electronics,BOYO VTK100N - Flush Mount Backup Camera with Ultra-Low Light Performance (Non-Mirror),Blackmagic Design Production Camera 4K (Black),"Ricoh Theta Z1 360° Camera - Black - 4K 30fps, 32MP, 180° Field of View"
clothing,ADIDAS Men Printed White T-shirt,United Colors of Benetton Men Printed White T-shirt,Adidas Men White Graphic T-Shirt
accessories,Peter England Men Elements Brown Wallet,Lino Perros Women Black Wallet,Levi's Men Black Leather Bifold Wallet
clothing,Red Rose Pink & Black Nightdress,Enamor Women Black Nightdress,Lingerie Plus Size Black Lace Chemise Nightgown
clothing,Disney Kids Girl's Denim Minnie Dark Blue Skirt,Puma Women Navy Blue Skirt,Adidas Women Navy/Pink Running Skirt
electronics,Lowel iP-20 4-Way Barn Door for Pro Light,Fenix PD36R Rechargeable 1000 Lumen LED Flashlight (Black),"EcoSmart Solar Panel Kit, Unisex, Black, 100W, Portable, Foldable, Easy Installation"
electronics,2012 Mini VCI for Toyota Tis Techstream V7.12 (new version),"Mini VCI J2534 Diagnostic Tool for Ford, Lincoln, Mercury",Mini-VCI J2534 Diagnostic Tool USB Cable
clothing,Gini and Jony Girls Pink Leggings,Gini and Jony Girls Solid Pink Leggings,Aden + Anais Infant/Toddler Pink Soft Knit Leggings
accessories,Lee Men Fashion Black Wallet,Lino Perros Women Black Wallet,Levi's Men Black Denim Pocket Square
electronics,Hawk Lapel Mic with Quick Release Adapter for Motorola APX6000 APX7000 XPR Radio (Black Tube),Earphone for Motorola XTS5000 XTS3002 XTS2502 Walkie Talkie,"Earphone Unisex Black Coiled Cable, Single Earbud, 3.5mm Jack"
accessories,Q&Q Women Red Dial Watch GS97J322Y,Fastrack Women Red Dial Watch,Rolex Women Red Leather Strap Wristwatch
electronics,Vivitar DVR-810HD High Definition Digital Camcorder - Blue,Vivitar DVR-5100 1080p Full HD Camcorder with 32GB SD Card (Blue),"Vivitar DVR R1000 Digital Camcorder, Blue, 1080p Full HD, 2.7"" LCD"
clothing,Hanes Men Black Pack of 2 Hip Briefs 83C002-002,Chromozome Men Black Briefs,Calvin Klein Men Black Briefs
electronics,Nikon CoolPix P100 & P500 Digital Camera ZIP Case,"ZeePro ZP-1000 Camera Bag for Sony Alpha DSLR-A350, A33, A55, A77, A99, NEX-5N, 5R, 6, 7, 8, 9, 10",Zeal Unisex Black Compact Digital Camera Case
accessories,Mod'acc Women Purple Clutch,Lino Perros Women Purple Handbag,Chanel Women Mauve Leather Shoulder Bag
electronics,"Kindle Paperwhite 3G, 6"" High Resolution Display with Built-in Light, Free 3G + Wi-Fi [Previous Generation]","Kindle Paperwhite E-reader - 6"" High-Resolution Display (300 ppi) with Built-in Light, Wi-Fi - Includes Special Offers","Amazon Kindle Paperwhite Unisex Black E-ink Display, 6"" Screen, 8GB Storage"
clothing,Park Avenue Men Black Swank Briefs,Chromozome Men Black Briefs,Under Armour Men Black/Blue Athletic Briefs
electronics,Genuine ROHN UHF25G Side Arm Mount for UHF & FM Antennas,Bicycle Rear Chain Stay Extension 150mm Blue,Fitbit Men Blue Activity Tracker with Heart Rate Monitor
clothing,Mineral Cream & Purple Printed Dress,Red Rose Women Cream Nightdress,Chicloth Women Beige Floral Print Mini Dress
electronics,Jvc- Ha-fx67-re Marshmallow Headphones With Brushed Aluminium Effect - Red,JVC HA-FX35R In-Ear Headphones (Red),JVC HA-FX35R Red In-Ear Headphones with Mic
accessories,Quiksilver Unisex Blue Backpack,ADIDAS Unisex Blue Backpack,Adidas Unisex Blue/Red Polyester Backpack
electronics,"Samsung Series 3 NP305V5A-A0DUS AMD Quad-Core A8-3530MX Accelerated Processor, 8GB 1TB DVD+/-RW 15.6"" Windows 7 (Black)",Samsung NP300E5C-S01US 15.6-Inch Laptop (Black),"Samsung NP300E5A-K01US 15.6"" Laptop - Intel Core i3, 4GB RAM, 500GB HDD, Windows 10, Black"
electronics,"Fujifilm Instax Mini Instant Film (10 Sheets, Macaroon)","Apple iPhone 11 Pro Max 6.5"" Tempered Glass Screen Protector 9H Hardness Anti-Scratch Anti-Fingerprint 3D Curved Full Coverage","Apple iPhone 13 Pro Max Tempered Glass Screen Protector - Full Coverage, Anti-Scratch, 9H Hardness, Easy Installation"
clothing,French Connection Women Blue Dress,SDL by Sweet Dreams Women Multicolour Nightdress,Boohoo Women Multicolored Print Sleeveless Dress
clothing,Puma Women Jersey Black Track Pant,United Colors of Benetton Women Solid Black Trousers,Adidas Women Black Running Pants
accessories,ADIDAS Originals Unisex White Dial Watch ADH2545,ADIDAS Women White Dial Watch,Adidas Women Pink Silicone Wristwatch
accessories,Baggit Women Choti Jhuti  Purple Belt,Lino Perros Women Purple Belt,Chloe Women Purple Leather Belt
accessories,CASIO G-Shock Men Black Analogue-Digital Watch GA-100-1A4DR G272,CASIO G-Shock Men Black Dial Watch GA-100-1A4DR,G-Shock Men's Black Resin Analog-Digital Watch GA-400-1A
electronics,Epson VS335W WXGA 3 LCD Projector,Epson PowerLite 2255U 3LCD Projector,"Epson EB-2065 3LCD Projector - WXGA, HDMI, 3000 Lumens"
electronics,"EmpireTech 4MP Ultra 45x Starlight IR Smart IP PTZ Camera 3.95mm–177.75mm Lens,Deep-Learning-Based Auto Tracking and Perimeter Protection,Support Face Detection,SMD Plus","Hikvision DS-2DE5220W-DE 2MP WDR PTZ Dome Network Camera, 2.8mm-12mm Varifocal Lens, 1080P, IP67, IK10, H.265+","Hikvision DS-2DE4A220IW-DE Outdoor PTZ IP Camera, White, 2MP, 30x Optical Zoom, H.265+"
clothing,ADIDAS Men Addi Black Shorts,ADIDAS Men Black Shorts,Adidas Men Black/Neon Yellow Running Shorts
clothing,Hanes Women Pack of Three 100% Cotton Plain Hipsters,Chromozome Women Pack of 3 Briefs,Chicloth Women Cotton Bikini Bottoms
clothing,Jockey ELANCE Men Grey Melange Brief 1005,Chromozome Men White Briefs,Jack & Jones Men Black Underwear
accessories,Titan Men White Dial Watch,Fastrack Men Silver Dial Watch,Rolex Men's Gold Steel Quartz Watch
electronics,Nokia SU31 N800 Carrying Case,Nokia 5800 XpressMusic Leather Case (Black),Nokia Unisex Black Leather Flip Phone Case
clothing,Amante Women Pink Briefs PGDI03,Enamor Women Brown Bikini Briefs,Chicloth Women Mauve Satin Thong Underwear
accessories,Fastrack Women Black Dial Watch,Fastrack Women Black Dial Watch,Chanel Women Silver Leather Classic Watch
electronics,22 FREQUENCY RADAR/ LASER DETECTOR,Early Warning EWS-1000 Radar/Laser Detector,Early Warning EWS-1000 Red Car Radar Detector with 360° Coverage
accessories,Fastrack Women Black Dial Watch 2166SL01,Fastrack Men Black Dial Watch,Swatch Men Black Leather Wristwatch
clothing,Red Rose Women Red Nightdress,Enamor Women Red Nightdress,Chicloth Women Red Lace Nightgown
clothing,Femella Women Printed Blue Lounge Pants,Wrangler Women Blue Jeans,Levi's Women Blue Denim Skinny Jeans
clothing,Red Rose Red Nightdress,Red Rose Women Red Nightdress,Elan Women Red Satin Evening Dress
clothing,ONLY Women Purple Dress,Femella Women Purple Dress,Chicloth Women Lavender Floral Print Skater Dress
electronics,"BenQ Projector LampOriginal, 5J.J3S05.001Original fit for BenQ Projector MS510, MW512, MX511, MX512",Optoma BL-FU190A Projector Lamp,Optoma Professional White Replacement Projector Lamp
accessories,Spice Art Women Leatherette  Black Handbags,Lino Perros Women Black Handbag,Miu Miu Women's Black Leather Shoulder Bag
accessories,Wildcraft Unisex Black & Grey Checked Bishop Sling Bag,Lino Perros Women Black Handbag,Adidas Unisex Black Nylon Messenger Bag
